epoch,bde_loss,bdfe_loss,loss,val_bde_loss,val_bdfe_loss,val_loss
0,8.297233581542969,7.633080005645752,15.930305480957031,9.989034652709961,8.98888874053955,18.977922439575195
1,3.046565055847168,2.807335376739502,5.853903770446777,2.3481366634368896,2.4314663410186768,4.779603481292725
2,2.321908950805664,2.158673048019409,4.4805827140808105,2.2681238651275635,1.9566166400909424,4.224740505218506
3,2.2114765644073486,2.0683324337005615,4.27980899810791,2.0497336387634277,2.1371471881866455,4.186881065368652
4,1.679452896118164,1.5830096006393433,3.262462615966797,3.2069263458251953,3.2651867866516113,6.472112655639648
5,1.7538793087005615,1.646265983581543,3.4001450538635254,2.42277193069458,2.236816167831421,4.659587860107422
6,1.6088013648986816,1.5122416019439697,3.121044158935547,2.6999573707580566,2.7005562782287598,5.400514125823975
7,1.7244218587875366,1.6197606325149536,3.3441812992095947,1.6253693103790283,1.4277561902999878,3.0531256198883057
8,1.3373606204986572,1.2741457223892212,2.6115047931671143,1.7826495170593262,1.4178228378295898,3.200472354888916
9,1.3466044664382935,1.2765659093856812,2.6231706142425537,3.4638798236846924,3.430326223373413,6.8942060470581055
10,1.5981180667877197,1.505756139755249,3.1038732528686523,2.349665641784668,2.2065842151641846,4.556249618530273
11,1.5324852466583252,1.4411739110946655,2.9736580848693848,1.6659907102584839,1.4655072689056396,3.131498098373413
12,1.394416332244873,1.3166236877441406,2.7110393047332764,1.3551079034805298,1.2539149522781372,2.609022855758667
13,1.236937403678894,1.1765729188919067,2.413510322570801,1.3804912567138672,1.2860186100006104,2.6665098667144775
14,1.2622991800308228,1.1964216232299805,2.4587204456329346,1.58610200881958,1.5142301321029663,3.1003317832946777
15,1.1626070737838745,1.108142375946045,2.270749807357788,1.552182912826538,1.416866421699524,2.9690492153167725
16,1.350688099861145,1.2747725248336792,2.6254634857177734,2.693218231201172,2.5764055252075195,5.269623756408691
17,1.2774248123168945,1.208369255065918,2.4857945442199707,1.6884716749191284,1.6040438413619995,3.292515277862549
18,1.1251864433288574,1.0699840784072876,2.1951711177825928,1.2451938390731812,1.3377723693847656,2.5829663276672363
19,1.1748406887054443,1.1184366941452026,2.2932770252227783,1.1580365896224976,1.1347601413726807,2.2927968502044678
20,1.1007297039031982,1.0475397109985352,2.1482691764831543,1.2610712051391602,1.2547036409378052,2.515774726867676
21,1.0571683645248413,1.0099631547927856,2.0671305656433105,1.2043317556381226,1.068724513053894,2.2730565071105957
22,1.2355351448059082,1.166139006614685,2.401674270629883,1.092989206314087,1.0716434717178345,2.164632797241211
23,1.2705349922180176,1.1963807344436646,2.466917037963867,1.0794787406921387,1.054530382156372,2.13400936126709
24,1.1080979108810425,1.0509787797927856,2.15907621383667,1.1905348300933838,1.1836676597595215,2.3742027282714844
25,1.1285125017166138,1.0688581466674805,2.1973700523376465,1.0972728729248047,1.0255452394485474,2.1228177547454834
26,0.9953187108039856,0.9476773738861084,1.9429951906204224,1.106589674949646,1.1400688886642456,2.2466585636138916
27,0.9795032739639282,0.9342867732048035,1.9137897491455078,1.1910090446472168,1.1025114059448242,2.293520450592041
28,0.9924848675727844,0.947005569934845,1.939489722251892,1.1155297756195068,1.06992769241333,2.185457706451416
29,1.0089763402938843,0.9648613929748535,1.9738376140594482,2.4715476036071777,2.16137433052063,4.632922172546387
30,1.0467405319213867,0.9946918487548828,2.0414321422576904,1.3761167526245117,1.38816237449646,2.7642791271209717
31,0.9579983353614807,0.9155712723731995,1.8735698461532593,1.1161096096038818,1.0965192317962646,2.2126290798187256
32,0.997119665145874,0.9497363567352295,1.9468557834625244,1.1069974899291992,1.0495872497558594,2.1565847396850586
33,0.9202670454978943,0.8802024722099304,1.8004693984985352,1.6521925926208496,1.4871623516082764,3.139354944229126
34,1.004554033279419,0.9561320543289185,1.9606856107711792,1.2111237049102783,1.1132006645202637,2.324324131011963
35,0.8998228311538696,0.8596693873405457,1.7594919204711914,1.0220987796783447,1.01788330078125,2.0399820804595947
36,1.032088041305542,0.9834989905357361,2.015584945678711,1.3153079748153687,1.1953372955322266,2.5106453895568848
37,0.9448142051696777,0.9026790261268616,1.8474935293197632,1.5441948175430298,1.4576716423034668,3.0018668174743652
38,0.906501829624176,0.8668556809425354,1.7733577489852905,1.207751989364624,1.3287749290466309,2.536526918411255
39,0.9426622986793518,0.8973425030708313,1.8400046825408936,1.653432846069336,1.3738681077957153,3.02730131149292
40,1.0227181911468506,0.9693461060523987,1.9920647144317627,1.5729055404663086,1.5046260356903076,3.077531576156616
41,0.8565581440925598,0.8209808468818665,1.6775391101837158,0.9672760367393494,0.9362987279891968,1.9035749435424805
42,0.8815929293632507,0.8419753313064575,1.723568081855774,1.3633219003677368,1.3104580640792847,2.6737797260284424
43,0.9992131590843201,0.946513295173645,1.945724606513977,1.3886113166809082,1.5758838653564453,2.9644951820373535
44,0.9515473246574402,0.9059555530548096,1.8575032949447632,0.980785071849823,0.9538642764091492,1.9346495866775513
45,0.911633312702179,0.8684186935424805,1.7800511121749878,1.3394246101379395,1.0711110830307007,2.4105355739593506
46,0.875597357749939,0.8343809843063354,1.7099775075912476,1.0396528244018555,0.9379861950874329,1.977639079093933
47,0.8294615745544434,0.7952040433883667,1.6246650218963623,1.0939918756484985,1.0758488178253174,2.1698405742645264
48,0.8422013521194458,0.8051922917366028,1.647393822669983,1.06965970993042,1.2326267957687378,2.3022866249084473
49,0.9050554633140564,0.862848699092865,1.7679028511047363,1.0370596647262573,1.0070832967758179,2.044142961502075
50,0.8277567625045776,0.7933459281921387,1.6211020946502686,1.2251341342926025,1.216934323310852,2.442068338394165
51,0.8372154831886292,0.8004012107849121,1.637617588043213,1.0641494989395142,0.9753820300102234,2.0395314693450928
52,0.81482994556427,0.780554473400116,1.5953845977783203,0.9987940788269043,0.9548079967498779,1.9536020755767822
53,0.8270843029022217,0.7916971445083618,1.6187820434570312,1.2166197299957275,1.1708998680114746,2.387519598007202
54,0.8211895227432251,0.7859479784965515,1.6071367263793945,1.8283448219299316,1.8079630136489868,3.636307954788208
55,0.885012686252594,0.8414216637611389,1.7264342308044434,1.163942575454712,1.0861471891403198,2.2500898838043213
56,0.8337607979774475,0.7969043850898743,1.6306655406951904,1.0348514318466187,1.1417632102966309,2.17661452293396
57,0.886176347732544,0.8415840268135071,1.7277612686157227,0.9945029616355896,0.9384174346923828,1.9329203367233276
58,0.849003255367279,0.8094753623008728,1.658478856086731,0.9383493065834045,0.9187740683555603,1.8571231365203857
59,0.7531207203865051,0.7238426804542542,1.4769632816314697,1.1949859857559204,1.1162172555923462,2.3112034797668457
60,0.8605190515518188,0.8182035088539124,1.6787225008010864,0.9629131555557251,0.9123222231864929,1.8752355575561523
61,0.7896218299865723,0.7562962174415588,1.5459179878234863,1.2040737867355347,1.042209506034851,2.2462832927703857
62,0.7691318988800049,0.7374770045280457,1.5066100358963013,1.1549859046936035,1.0809640884399414,2.235950231552124
63,0.7793372869491577,0.7468641400337219,1.5262020826339722,0.985041618347168,0.9626896977424622,1.9477314949035645
64,0.7589470744132996,0.7275015711784363,1.4864492416381836,1.2882734537124634,1.0933005809783936,2.3815739154815674
65,0.792273223400116,0.7584449648857117,1.5507181882858276,1.059749960899353,1.100375771522522,2.160125732421875
66,0.8163493275642395,0.7784818410873413,1.5948327779769897,0.8880489468574524,0.8945407271385193,1.7825896739959717
67,0.7559018731117249,0.7255672812461853,1.481468915939331,0.9255462288856506,0.8986537456512451,1.824199914932251
68,0.7555460929870605,0.7246648669242859,1.4802112579345703,0.972139298915863,0.9674862027168274,1.93962562084198
69,0.754862368106842,0.723802924156189,1.4786648750305176,1.2672922611236572,1.082384467124939,2.3496766090393066
70,0.8610238432884216,0.8204647302627563,1.6814881563186646,1.097541332244873,1.0131829977035522,2.110724449157715
71,0.7448350191116333,0.7161890268325806,1.461024522781372,0.9040547609329224,0.8688176870346069,1.7728724479675293
72,0.7392019629478455,0.7103365063667297,1.4495388269424438,1.1046106815338135,0.9907378554344177,2.095348596572876
73,0.8211477398872375,0.781075119972229,1.6022237539291382,0.9287653565406799,0.8930097818374634,1.821775197982788
74,0.7658736109733582,0.7323390245437622,1.4982118606567383,0.9569914937019348,0.929399311542511,1.8863909244537354
75,0.7406624555587769,0.7108524441719055,1.4515149593353271,0.9365383386611938,0.9291363954544067,1.8656747341156006
76,0.7164399027824402,0.6895356774330139,1.405975580215454,0.8730958700180054,0.9200800061225891,1.7931756973266602
77,0.7138882279396057,0.6860722303390503,1.3999607563018799,0.9066648483276367,0.9764304161071777,1.8830952644348145
78,0.7287018895149231,0.7002253532409668,1.4289273023605347,0.9597811698913574,0.8847330212593079,1.8445143699645996
79,0.760967493057251,0.730042576789856,1.491011381149292,0.959145188331604,1.0690245628356934,2.028169870376587
80,0.7200893759727478,0.6922222375869751,1.41231107711792,0.9351305961608887,0.8650540709495544,1.8001846075057983
81,0.7428311109542847,0.7118010520935059,1.45463228225708,0.8787543773651123,0.8400493264198303,1.7188037633895874
82,0.6877789497375488,0.6634864211082458,1.3512669801712036,0.934814453125,0.8746412992477417,1.8094559907913208
83,0.7034165859222412,0.6758000254631042,1.3792164325714111,1.068721055984497,1.0408499240875244,2.1095709800720215
84,0.695219874382019,0.6690627336502075,1.364282250404358,1.041543960571289,0.9768826365470886,2.0184266567230225
85,0.72551429271698,0.6964856386184692,1.4219996929168701,0.9723633527755737,0.9059339761734009,1.8782973289489746
86,0.702165424823761,0.6747449040412903,1.3769097328186035,0.8911755084991455,0.8706074953079224,1.7617828845977783
87,0.7491170763969421,0.7198922038078308,1.4690089225769043,1.0008596181869507,0.890042781829834,1.8909024000167847
88,0.756733238697052,0.7256201505661011,1.4823533296585083,0.8785152435302734,0.8511176705360413,1.7296329736709595
89,0.6819238662719727,0.6566730737686157,1.3385976552963257,0.8539550304412842,0.8087912201881409,1.6627460718154907
90,0.751163899898529,0.7171198725700378,1.4682831764221191,0.9553915858268738,1.008873462677002,1.964264988899231
91,0.6794176697731018,0.6542024612426758,1.3336191177368164,1.2754714488983154,1.1596421003341675,2.4351136684417725
92,0.681408166885376,0.6551432609558105,1.3365514278411865,1.1926660537719727,1.0538958311080933,2.2465620040893555
93,0.7169976830482483,0.6867617964744568,1.4037600755691528,0.9404575824737549,0.8272045254707336,1.7676621675491333
94,0.6782681941986084,0.6525241136550903,1.3307924270629883,0.8675006628036499,0.8574422597885132,1.724942922592163
95,0.6636922359466553,0.6386148929595947,1.3023066520690918,1.034547209739685,1.008077621459961,2.0426249504089355
96,0.6771982312202454,0.6510924100875854,1.3282909393310547,0.8728969097137451,0.8646475672721863,1.7375445365905762
97,0.6917387843132019,0.6646036505699158,1.3563426733016968,0.8360908627510071,0.8008241057395935,1.6369150876998901
98,0.6692903637886047,0.6454975605010986,1.3147872686386108,1.0793392658233643,0.9724884033203125,2.0518276691436768
99,0.6692550182342529,0.6435351371765137,1.3127902746200562,0.8918370604515076,0.8695200681686401,1.7613571882247925
100,0.6799505949020386,0.6541032195091248,1.33405339717865,1.0873922109603882,1.1402878761291504,2.227680206298828
101,0.6646613478660583,0.6408535242080688,1.3055156469345093,0.9053788185119629,0.9337271451950073,1.8391060829162598
102,0.7215830087661743,0.6906930804252625,1.412276029586792,1.1476953029632568,1.0870890617370605,2.2347843647003174
103,0.6571648716926575,0.6336188912391663,1.2907832860946655,0.9861535429954529,0.8819195628166199,1.8680732250213623
104,0.6745469570159912,0.6487078666687012,1.3232547044754028,0.8529891967773438,0.829929769039154,1.6829190254211426
105,0.646152675151825,0.6238681674003601,1.2700204849243164,1.3303509950637817,1.1832915544509888,2.5136423110961914
106,0.6730721592903137,0.6472107768058777,1.320283055305481,1.1189953088760376,0.9860450029373169,2.1050403118133545
107,0.6580305695533752,0.6336376667022705,1.2916682958602905,1.0136545896530151,0.9508231282234192,1.9644776582717896
108,0.6684303283691406,0.6422650218009949,1.3106963634490967,0.9313828349113464,0.8987165689468384,1.8300992250442505
109,0.6587294340133667,0.6351245641708374,1.293853998184204,0.851901650428772,0.8186498880386353,1.6705516576766968
110,0.6359564065933228,0.6139968037605286,1.2499533891677856,1.0816823244094849,0.9844584465026855,2.06614089012146
111,0.6875941157341003,0.6610310077667236,1.3486244678497314,1.197056531906128,1.0649323463439941,2.261989116668701
112,0.6610984206199646,0.6361711621284485,1.2972699403762817,0.8386526107788086,0.8044605851173401,1.6431130170822144
113,0.6507360339164734,0.6275792717933655,1.278315782546997,1.5428156852722168,1.3650778532028198,2.907893657684326
114,0.6360152363777161,0.6134346723556519,1.249450445175171,0.9414764642715454,0.8991495966911316,1.8406261205673218
115,0.6262896656990051,0.6046704053878784,1.2309597730636597,0.8398114442825317,0.8049362301826477,1.6447478532791138
116,0.6360946297645569,0.6134243607521057,1.2495183944702148,0.9358858466148376,0.9440523386001587,1.8799383640289307
117,0.7086249589920044,0.6772907376289368,1.3859153985977173,0.9232943654060364,0.8338450193405151,1.7571394443511963
118,0.6348253488540649,0.6131297945976257,1.2479543685913086,0.8759336471557617,0.8327623009681702,1.7086960077285767
119,0.6209878921508789,0.6004756093025208,1.2214632034301758,0.8813835382461548,0.9029634594917297,1.7843469381332397
120,0.6232767701148987,0.6014628410339355,1.2247397899627686,0.8449217081069946,0.8119843006134033,1.656906008720398
121,0.619541585445404,0.5991606116294861,1.218703031539917,0.926072359085083,0.8572431206703186,1.7833154201507568
122,0.6246889233589172,0.6030170917510986,1.2277066707611084,0.993815541267395,0.9477449655532837,1.9415603876113892
123,0.6885212659835815,0.660533607006073,1.3490546941757202,1.1682356595993042,1.1862386465072632,2.3544745445251465
124,0.6310054063796997,0.6084157228469849,1.2394218444824219,0.8627880215644836,0.7971639633178711,1.6599520444869995
125,0.6074211597442627,0.5873886942863464,1.1948105096817017,0.8094934225082397,0.7796392440795898,1.5891326665878296
126,0.6063521504402161,0.5862883925437927,1.192640781402588,0.959587574005127,1.0312793254852295,1.9908671379089355
127,0.6210585832595825,0.5994582772254944,1.220516562461853,0.8454225659370422,0.8120410442352295,1.6574636697769165
128,0.6330819725990295,0.6104580163955688,1.2435401678085327,0.8318217396736145,0.7912915945053101,1.6231131553649902
129,0.6010212302207947,0.5813871026039124,1.1824079751968384,0.8290027379989624,0.7881234288215637,1.6171259880065918
130,0.6106961965560913,0.5898985862731934,1.2005949020385742,0.822679340839386,0.7781922221183777,1.6008715629577637
131,0.6104178428649902,0.5910578370094299,1.2014762163162231,0.9084864854812622,0.877280592918396,1.7857671976089478
132,0.6216211318969727,0.6000365018844604,1.2216579914093018,0.8495250344276428,0.7856524586677551,1.6351773738861084
133,0.6345982551574707,0.6123138666152954,1.2469122409820557,0.837549090385437,0.8070078492164612,1.6445568799972534
134,0.5966169834136963,0.5778007507324219,1.174418568611145,0.8211724758148193,0.7760575413703918,1.5972299575805664
135,0.5932630896568298,0.5742385983467102,1.1675012111663818,1.1698704957962036,1.0310629606246948,2.2009334564208984
136,0.6123751401901245,0.5908054113388062,1.2031809091567993,0.856292188167572,0.8330022096633911,1.6892945766448975
137,0.6117776036262512,0.5909991264343262,1.2027772665023804,0.856249213218689,0.822829008102417,1.679078221321106
138,0.6219930648803711,0.6008742451667786,1.2228673696517944,1.0262447595596313,0.9651594758033752,1.9914042949676514
139,0.6107543706893921,0.5887592434883118,1.1995124816894531,0.8073759078979492,0.7828851342201233,1.5902609825134277
140,0.5832954049110413,0.5645635724067688,1.1478588581085205,0.8932387232780457,0.7934551239013672,1.6866939067840576
141,0.5799379944801331,0.5625147223472595,1.142452597618103,0.8449212908744812,0.7901683449745178,1.635089635848999
142,0.5908083915710449,0.5715758800506592,1.1623843908309937,0.8266480565071106,0.8205983638763428,1.6472463607788086
143,0.5851315855979919,0.5660598278045654,1.151191234588623,0.9259663224220276,0.8558471202850342,1.781813383102417
144,0.6160650253295898,0.5942234396934509,1.2102879285812378,0.9214019179344177,0.8101215958595276,1.7315233945846558
145,0.5977603197097778,0.5767638683319092,1.1745237112045288,1.0251554250717163,0.9781936407089233,2.0033490657806396
146,0.602533757686615,0.5818883180618286,1.1844216585159302,0.9215878844261169,0.9029015898704529,1.8244894742965698
147,0.5881751775741577,0.5692046284675598,1.1573799848556519,0.8092862367630005,0.7795076370239258,1.5887938737869263
148,0.5801503658294678,0.5620766878128052,1.1422265768051147,0.8868592977523804,0.8203283548355103,1.7071876525878906
149,0.583881139755249,0.5641178488731384,1.1479991674423218,0.8791210055351257,0.836712658405304,1.7158337831497192
150,0.6391022801399231,0.6159294843673706,1.2550313472747803,0.8235089182853699,0.7958542704582214,1.6193631887435913
151,0.5725862383842468,0.555210292339325,1.1277962923049927,0.8262714147567749,0.8025490045547485,1.6288204193115234
152,0.5678589344024658,0.5502743124961853,1.1181330680847168,0.8630645275115967,0.8123754262924194,1.6754399538040161
153,0.5739884376525879,0.5563367605209351,1.130324125289917,0.8482245206832886,0.8636751174926758,1.7118996381759644
154,0.5978936553001404,0.576727569103241,1.174620509147644,0.9912217855453491,0.91556715965271,1.9067890644073486
155,0.5652689933776855,0.5484715700149536,1.1137404441833496,0.870080828666687,0.809368371963501,1.679449200630188
156,0.5831490159034729,0.5641027688980103,1.1472511291503906,0.8343956470489502,0.7837801575660706,1.618175745010376
157,0.5662668347358704,0.5485601425170898,1.1148271560668945,0.8313924670219421,0.7810407280921936,1.6124330759048462
158,0.5677143335342407,0.5503191351890564,1.1180328130722046,0.7992525696754456,0.7678915858268738,1.5671441555023193
159,0.5734290480613708,0.5544567704200745,1.127885341644287,1.234463095664978,1.1695834398269653,2.4040462970733643
160,0.579587996006012,0.561006486415863,1.140594482421875,0.8369443416595459,0.7740362286567688,1.6109806299209595
161,0.5606152415275574,0.5434339046478271,1.1040492057800293,0.8047143220901489,0.77042555809021,1.5751397609710693
162,0.5936066508293152,0.5722531080245972,1.1658598184585571,0.8428847789764404,0.8535714149475098,1.6964560747146606
163,0.5666135549545288,0.5484619140625,1.115074634552002,0.7903915047645569,0.7597433924674988,1.5501348972320557
164,0.5694354772567749,0.5530183911323547,1.1224533319473267,0.8524249196052551,0.8067833781242371,1.6592084169387817
165,0.569683849811554,0.551659882068634,1.121343970298767,0.9237606525421143,0.8620750904083252,1.7858357429504395
166,0.5671559572219849,0.5494577884674072,1.116613507270813,0.8862956762313843,0.7854470014572144,1.6717426776885986
167,0.5531859993934631,0.5367241501808167,1.0899107456207275,0.8377542495727539,0.7815417051315308,1.6192958354949951
168,0.5611976385116577,0.5427032113075256,1.10390043258667,0.8083149194717407,0.7563563585281372,1.5646713972091675
169,0.5538368225097656,0.5370367169380188,1.090874195098877,0.8017364740371704,0.7624821066856384,1.564218521118164
170,0.5619267821311951,0.5442903637886047,1.1062177419662476,0.8394769430160522,0.7899968028068542,1.6294736862182617
171,0.5551360845565796,0.538109540939331,1.0932464599609375,0.8406755328178406,0.8129769563674927,1.6536524295806885
172,0.5692636370658875,0.5514813661575317,1.120745301246643,0.8153027892112732,0.896554172039032,1.7118569612503052
173,0.5401743650436401,0.5245943069458008,1.0647692680358887,1.0364412069320679,1.0552946329116821,2.091735601425171
174,0.5490137338638306,0.5324447154998779,1.081458330154419,0.833345353603363,0.809999942779541,1.6433452367782593
175,0.5439271330833435,0.5275816321372986,1.071509599685669,0.8455309867858887,0.8141816854476929,1.6597126722335815
176,0.5517575144767761,0.533645749092102,1.0854032039642334,0.8313345909118652,0.8107982277870178,1.6421327590942383
177,0.5382855534553528,0.5227608680725098,1.0610460042953491,0.8114706873893738,0.7831079959869385,1.5945786237716675
178,0.5536132454872131,0.5361382365226746,1.0897516012191772,0.7876392006874084,0.7514814138412476,1.5391206741333008
179,0.5403281450271606,0.52516770362854,1.0654962062835693,1.1671782732009888,0.9599542021751404,2.1271324157714844
180,0.5525602102279663,0.5341147780418396,1.0866752862930298,0.8479808568954468,0.7992706298828125,1.6472516059875488
181,0.537771999835968,0.5219011306762695,1.0596731901168823,1.0419657230377197,0.9765743017196655,2.018540143966675
182,0.5488817095756531,0.5309510231018066,1.0798324346542358,0.9061814546585083,0.9016814827919006,1.8078631162643433
183,0.5507325530052185,0.533386766910553,1.0841190814971924,0.8455172777175903,0.7963350415229797,1.6418523788452148
184,0.540559709072113,0.5245704054832458,1.065130352973938,0.8728902339935303,0.8854378461837769,1.7583283185958862
185,0.535923182964325,0.5211867690086365,1.0571099519729614,0.8006800413131714,0.7648632526397705,1.565543293952942
186,0.5401436686515808,0.5242342948913574,1.064378261566162,0.8766449093818665,0.8686944842338562,1.7453393936157227
187,0.5472432971000671,0.5314304232597351,1.0786738395690918,0.8810999393463135,0.80092853307724,1.6820282936096191
188,0.5478568077087402,0.5301801562309265,1.078036904335022,0.9144278168678284,0.8746258616447449,1.7890536785125732
189,0.5545682907104492,0.5352556705474854,1.089823603630066,0.7851834297180176,0.7521784901618958,1.537361979484558
190,0.5337964296340942,0.5177529454231262,1.0515490770339966,0.9037689566612244,0.877208948135376,1.7809779644012451
191,0.5266289710998535,0.5122990012168884,1.0389280319213867,0.8419169783592224,0.7966409921646118,1.6385581493377686
192,0.5312727689743042,0.5156517624855042,1.04692542552948,0.7861747145652771,0.7616646885871887,1.5478395223617554
193,0.5301744341850281,0.5143153071403503,1.044489860534668,0.797605574131012,0.7661691308021545,1.563774824142456
194,0.5249120593070984,0.5100651383399963,1.0349767208099365,0.79702228307724,0.7737636566162109,1.5707859992980957
195,0.5306814312934875,0.5152398943901062,1.0459214448928833,0.7901754975318909,0.7581578493118286,1.5483332872390747
196,0.5275101065635681,0.5133199095726013,1.0408298969268799,0.7924079298973083,0.7744113802909851,1.566819429397583
197,0.5307844877243042,0.5150371193885803,1.0458219051361084,0.8595219254493713,0.8594679832458496,1.7189897298812866
198,0.5399770140647888,0.5247355103492737,1.064712643623352,0.8465456962585449,0.8243305683135986,1.670876383781433
199,0.5220159292221069,0.5071486234664917,1.0291647911071777,0.8304007053375244,0.7782229781150818,1.608623743057251
200,0.5276970863342285,0.5111024379730225,1.0387994050979614,1.1568254232406616,1.021716594696045,2.178541898727417
201,0.5713346600532532,0.5515826344490051,1.1229169368743896,0.822403609752655,0.8055961728096008,1.6279997825622559
202,0.5175081491470337,0.5037564039230347,1.0212647914886475,0.7916606068611145,0.745696485042572,1.537357211112976
203,0.510094404220581,0.4960768520832062,1.0061709880828857,0.8148172497749329,0.8317534327507019,1.6465706825256348
204,0.5267907381057739,0.5110539197921753,1.0378443002700806,0.841310977935791,0.7833479642868042,1.6246589422225952
205,0.521599292755127,0.5071634650230408,1.0287635326385498,0.823433518409729,0.8337286710739136,1.6571621894836426
206,0.5097947120666504,0.49646902084350586,1.0062637329101562,0.8056434988975525,0.7889531850814819,1.5945965051651
207,0.5638414621353149,0.5446876287460327,1.1085283756256104,0.8760251998901367,0.8396240472793579,1.7156492471694946
208,0.5061928033828735,0.4921903610229492,0.9983834624290466,0.7894371151924133,0.781643271446228,1.5710803270339966
209,0.5070436000823975,0.49375662207603455,1.0008002519607544,0.8039072155952454,0.8029032349586487,1.606810450553894
210,0.5199444890022278,0.504869282245636,1.024813175201416,0.840620756149292,0.7836332321166992,1.6242538690567017
211,0.5138304233551025,0.4984264075756073,1.0122562646865845,0.8895087838172913,0.931913435459137,1.8214222192764282
212,0.5123915672302246,0.4986211657524109,1.0110130310058594,1.0002241134643555,0.9608463644981384,1.9610702991485596
213,0.5111303329467773,0.49720945954322815,1.0083396434783936,0.824065089225769,0.80125892162323,1.625324010848999
214,0.5109624862670898,0.49593237042427063,1.0068944692611694,0.7778909206390381,0.7518924474716187,1.5297833681106567
215,0.5252122282981873,0.5086492896080017,1.033861517906189,0.8116010427474976,0.7685849070549011,1.5801857709884644
216,0.5083310604095459,0.49466854333877563,1.0029995441436768,0.7999218702316284,0.7835416793823242,1.5834636688232422
217,0.5128408074378967,0.49769359827041626,1.0105342864990234,0.7726805806159973,0.7674304842948914,1.5401111841201782
218,0.5009598135948181,0.48794251680374146,0.9889023900032043,0.7895731329917908,0.7649388313293457,1.5545119047164917
219,0.5113093256950378,0.497489869594574,1.0087987184524536,0.7864411473274231,0.762265145778656,1.5487061738967896
220,0.5043314099311829,0.49047231674194336,0.9948041439056396,0.8532034158706665,0.8230094313621521,1.6762129068374634
221,0.5109868049621582,0.49536630511283875,1.0063542127609253,0.8611772656440735,0.8286902904510498,1.6898677349090576
222,0.515997052192688,0.5015906095504761,1.0175873041152954,0.8005567789077759,0.7846128344535828,1.5851696729660034
223,0.514601469039917,0.5000243782997131,1.0146262645721436,1.1359831094741821,1.0458132028579712,2.1817963123321533
224,0.520635724067688,0.5050204992294312,1.0256564617156982,0.8971318602561951,0.8345105648040771,1.7316423654556274
225,0.4937269389629364,0.4803332984447479,0.97406005859375,0.7939103245735168,0.7866628170013428,1.5805730819702148
226,0.49378082156181335,0.4807935059070587,0.9745739102363586,1.0065257549285889,0.9351362586021423,1.9416619539260864
227,0.49765557050704956,0.4843137562274933,0.9819689989089966,0.9817054271697998,0.9049018621444702,1.88660728931427
228,0.510697066783905,0.4962555468082428,1.0069525241851807,0.791890561580658,0.7619919776916504,1.5538825988769531
229,0.4917263686656952,0.4781898856163025,0.9699163436889648,0.8321799039840698,0.7668458819389343,1.599025845527649
230,0.49200886487960815,0.4796963334083557,0.9717048406600952,0.8901581168174744,0.8457309603691101,1.735889196395874
231,0.5187571048736572,0.502761960029602,1.0215189456939697,0.8104490041732788,0.8070117235183716,1.6174607276916504
232,0.5047934651374817,0.4912947714328766,0.9960880279541016,0.9843317270278931,1.0149614810943604,1.9992930889129639
233,0.4973275661468506,0.4840279817581177,0.9813555479049683,0.8531107306480408,0.838172972202301,1.6912837028503418
234,0.5091739296913147,0.49431920051574707,1.0034931898117065,0.8122108578681946,0.775390625,1.5876015424728394
235,0.5125513076782227,0.49811744689941406,1.010668158531189,1.0098865032196045,0.9998875856399536,2.0097742080688477
236,0.49594712257385254,0.48323559761047363,0.9791823625564575,0.7962069511413574,0.7522103190422058,1.5484172105789185
237,0.5083431601524353,0.49412083625793457,1.002463698387146,0.77229243516922,0.7316048741340637,1.5038971900939941
238,0.48939985036849976,0.4771267771720886,0.9665263891220093,0.846224844455719,0.8033271431922913,1.6495519876480103
239,0.4917071759700775,0.47894835472106934,0.9706560969352722,1.3138821125030518,1.2628960609436035,2.5767781734466553
240,0.4993636906147003,0.48646920919418335,0.9858331680297852,0.7866474390029907,0.7592071890830994,1.5458546876907349
241,0.49076855182647705,0.47719019651412964,0.9679579734802246,0.7810540199279785,0.7488947510719299,1.5299488306045532
242,0.4800359010696411,0.4685162901878357,0.948552131652832,0.77862548828125,0.77474445104599,1.5533699989318848
243,0.4843851327896118,0.47163984179496765,0.9560245871543884,0.8288205862045288,0.7642650604248047,1.5930856466293335
244,0.4852657914161682,0.47314849495887756,0.9584141373634338,0.8025513291358948,0.8007792234420776,1.6033307313919067
245,0.490158349275589,0.4773384630680084,0.9674960970878601,0.7832338809967041,0.7649200558662415,1.5481539964675903
246,0.48558661341667175,0.473285436630249,0.9588717818260193,0.7772645354270935,0.7485557794570923,1.525820255279541
247,0.4824220836162567,0.47031712532043457,0.9527395963668823,0.7722603678703308,0.7283176183700562,1.5005779266357422
248,0.4879477620124817,0.4754479229450226,0.963395357131958,0.8019257187843323,0.7717680931091309,1.573693871498108
249,0.4791752099990845,0.4671543538570404,0.9463301301002502,0.8050710558891296,0.7575395703315735,1.5626105070114136
250,0.4858739376068115,0.47340840101242065,0.9592826962471008,0.7923409938812256,0.8025732040405273,1.594914197921753
251,0.4975839853286743,0.48341163992881775,0.9809948205947876,0.7819631099700928,0.7557597160339355,1.5377229452133179
252,0.4784969985485077,0.46674907207489014,0.9452459216117859,0.7934588193893433,0.7581961750984192,1.5516549348831177
253,0.4784897565841675,0.46750351786613464,0.9459932446479797,0.7885938882827759,0.7693161368370056,1.5579100847244263
254,0.48537519574165344,0.47186586260795593,0.9572410583496094,0.8028643727302551,0.7624295949935913,1.5652939081192017
255,0.4878380000591278,0.473728746175766,0.9615674018859863,0.7833414077758789,0.7510942220687866,1.534435749053955
256,0.47287189960479736,0.4614611268043518,0.9343324303627014,0.8447551727294922,0.8447607755661011,1.6895160675048828
257,0.47800347208976746,0.46652156114578247,0.9445250034332275,0.7844405770301819,0.7598759531974792,1.5443165302276611
258,0.4942755103111267,0.48098695278167725,0.9752622246742249,0.8312730193138123,0.8308817148208618,1.6621546745300293
259,0.48070499300956726,0.46911656856536865,0.9498212337493896,0.900747537612915,0.8250155448913574,1.725763201713562
260,0.4787747263908386,0.46689361333847046,0.9456689357757568,0.7728181481361389,0.7351043820381165,1.5079224109649658
261,0.4739559590816498,0.4618237316608429,0.9357796907424927,0.7572826147079468,0.7279245853424072,1.485207200050354
262,0.4698580801486969,0.4588463604450226,0.9287047386169434,0.8332471251487732,0.7789108753204346,1.612158179283142
263,0.48382100462913513,0.47082090377807617,0.9546416997909546,0.7880638837814331,0.7562292218208313,1.5442930459976196
264,0.4647834599018097,0.4542207717895508,0.9190042018890381,0.7897235155105591,0.7525476813316345,1.5422711372375488
265,0.49245280027389526,0.47765305638313293,0.9701060056686401,0.7783647179603577,0.7488363981246948,1.5272011756896973
266,0.4612131118774414,0.45008140802383423,0.9112948775291443,0.7826011180877686,0.7460519075393677,1.5286529064178467
267,0.47069084644317627,0.45936012268066406,0.9300506711006165,0.8721703290939331,0.8443078398704529,1.7164781093597412
268,0.4647732973098755,0.4541453719139099,0.9189181923866272,0.8155494332313538,0.806023120880127,1.621572494506836
269,0.46869805455207825,0.45688074827194214,0.9255785346031189,0.8004708290100098,0.7554330229759216,1.5559037923812866
270,0.47146958112716675,0.4602777361869812,0.931747317314148,0.9043344259262085,0.7987973690032959,1.7031316757202148
271,0.46891912817955017,0.4573100507259369,0.9262291193008423,0.7867013216018677,0.7562054991722107,1.5429067611694336
272,0.46376922726631165,0.4531937539577484,0.9169628024101257,0.7655271887779236,0.7342904806137085,1.4998177289962769
273,0.4648059606552124,0.4536190927028656,0.9184243083000183,0.9370788335800171,0.8280396461486816,1.7651183605194092
274,0.461953729391098,0.45140349864959717,0.9133574366569519,0.808221697807312,0.7653493881225586,1.5735712051391602
275,0.47374090552330017,0.4606972336769104,0.9344382882118225,0.7929794788360596,0.784725546836853,1.5777050256729126
276,0.4725622236728668,0.460082471370697,0.9326445460319519,0.8421727418899536,0.7641912698745728,1.606364130973816
277,0.4660398066043854,0.45475196838378906,0.920791506767273,0.7856652736663818,0.7562166452407837,1.5418819189071655
278,0.45995643734931946,0.4491824507713318,0.9091390371322632,0.8900001049041748,0.8251460194587708,1.7151459455490112
279,0.4623802900314331,0.45082852244377136,0.9132089614868164,0.7990238666534424,0.7745617628097534,1.5735856294631958
280,0.4654160141944885,0.45371749997138977,0.9191334843635559,0.7713453769683838,0.7466610074043274,1.518006443977356
281,0.4620004892349243,0.4509139060974121,0.9129140973091125,0.838767409324646,0.7830767035484314,1.6218440532684326
282,0.45966172218322754,0.4484315812587738,0.9080938696861267,0.8435561656951904,0.7959492802619934,1.6395055055618286
283,0.4589296877384186,0.447524756193161,0.9064548015594482,0.8081796169281006,0.7693828344345093,1.5775625705718994
284,0.45182475447654724,0.4421350061893463,0.8939594030380249,0.7674405574798584,0.7353718876838684,1.502812385559082
285,0.455306738615036,0.44477295875549316,0.9000796675682068,0.7766797542572021,0.7526108026504517,1.5292905569076538
286,0.4690036177635193,0.45733922719955444,0.9263425469398499,0.7972371578216553,0.7798810005187988,1.577118158340454
287,0.45552268624305725,0.4441808760166168,0.8997037410736084,0.8049815893173218,0.819817066192627,1.6247986555099487
288,0.45542243123054504,0.4447745084762573,0.900196373462677,0.8630564212799072,0.816842257976532,1.6798988580703735
289,0.4529508948326111,0.44312751293182373,0.8960781097412109,0.7700628638267517,0.7406078577041626,1.5106706619262695
290,0.45636358857154846,0.44545164704322815,0.9018154740333557,0.7822550535202026,0.7501254677772522,1.5323807001113892
291,0.4590955674648285,0.4483370780944824,0.9074328541755676,0.8493392467498779,0.7802018523216248,1.6295411586761475
292,0.46475884318351746,0.4519551694393158,0.916714608669281,0.8000233173370361,0.768107533454895,1.5681309700012207
293,0.46246767044067383,0.4509935975074768,0.9134612679481506,0.9360643029212952,0.8699957728385925,1.8060600757598877
294,0.45954829454421997,0.4488929808139801,0.9084411859512329,0.7818779349327087,0.7513378858566284,1.5332157611846924
295,0.4549401104450226,0.44388845562934875,0.8988274931907654,0.9141191840171814,0.8081559538841248,1.7222751379013062
296,0.45075899362564087,0.4403059184551239,0.8910642266273499,0.7936538457870483,0.7553412914276123,1.5489953756332397
297,0.4476865828037262,0.4387526512145996,0.8864387273788452,0.8210320472717285,0.7453793883323669,1.5664113759994507
298,0.4478844702243805,0.43871772289276123,0.8866022229194641,0.7753114700317383,0.7466315627098083,1.5219430923461914
299,0.46093931794166565,0.44884273409843445,0.9097820520401001,0.7962592840194702,0.7592062950134277,1.555465579032898
300,0.45562437176704407,0.44429096579551697,0.8999150991439819,0.7775506377220154,0.7375644445419312,1.5151152610778809
301,0.4536358416080475,0.44267475605010986,0.8963105082511902,0.9052780270576477,0.9197148680686951,1.8249927759170532
302,0.4418838918209076,0.432158887386322,0.8740425109863281,0.8348888754844666,0.8606815338134766,1.6955703496932983
303,0.4428381323814392,0.43239834904670715,0.8752371072769165,0.778750479221344,0.7387217879295349,1.5174721479415894
304,0.4423723816871643,0.43219295144081116,0.8745648860931396,0.7708198428153992,0.7421843409538269,1.513004183769226
305,0.4816189110279083,0.467835932970047,0.949454665184021,0.7964658141136169,0.798066258430481,1.5945322513580322
306,0.4394388794898987,0.42959028482437134,0.8690294623374939,0.8368819355964661,0.7931080460548401,1.6299899816513062
307,0.43458878993988037,0.42602917551994324,0.8606182932853699,0.774145245552063,0.7440424561500549,1.5181877613067627
308,0.4369218647480011,0.427888423204422,0.8648102283477783,0.7510173320770264,0.7280352711677551,1.4790526628494263
309,0.4369734525680542,0.4274669289588928,0.8644405007362366,0.7937919497489929,0.7515711784362793,1.545363187789917
310,0.4419906735420227,0.43101951479911804,0.8730101585388184,0.8274419903755188,0.7616304755210876,1.5890724658966064
311,0.46161016821861267,0.44947564601898193,0.9110862612724304,0.8385003209114075,0.8336735367774963,1.6721738576889038
312,0.4343342185020447,0.4253910183906555,0.8597248792648315,0.7672629952430725,0.7377951741218567,1.5050580501556396
313,0.43685799837112427,0.4274525046348572,0.8643107414245605,0.8252184987068176,0.791622519493103,1.6168408393859863
314,0.4361567795276642,0.4261685311794281,0.8623252511024475,0.775931715965271,0.7350702285766602,1.5110019445419312
315,0.43090105056762695,0.42179104685783386,0.8526924252510071,0.7715128660202026,0.7387221455574036,1.510235071182251
316,0.4547823369503021,0.44380322098731995,0.898586094379425,0.8036905527114868,0.7504947185516357,1.5541852712631226
317,0.43268588185310364,0.42398759722709656,0.8566738367080688,0.7759613394737244,0.7420201897621155,1.5179815292358398
318,0.43603867292404175,0.42564332485198975,0.8616814613342285,0.7712814807891846,0.7357687950134277,1.5070503950119019
319,0.43396127223968506,0.42435789108276367,0.8583193421363831,0.7676218152046204,0.7515628933906555,1.5191847085952759
320,0.4287177324295044,0.41974300146102905,0.8484606742858887,0.8220134973526001,0.7649744153022766,1.5869877338409424
321,0.4314973056316376,0.4225197434425354,0.8540173768997192,0.7853590250015259,0.7405505776405334,1.5259095430374146
322,0.43835097551345825,0.42822498083114624,0.866576075553894,0.7697963714599609,0.7407161593437195,1.5105127096176147
323,0.4318121075630188,0.4224761426448822,0.8542888164520264,0.8257394433021545,0.7652912139892578,1.5910305976867676
324,0.429462730884552,0.41976943612098694,0.8492323756217957,0.8503099083900452,0.7822222113609314,1.6325321197509766
325,0.45292147994041443,0.44181323051452637,0.8947340846061707,0.9485687613487244,0.955551028251648,1.904119610786438
326,0.4346296191215515,0.42479196190834045,0.8594213724136353,0.791405439376831,0.7627394199371338,1.554145097732544
327,0.4281731843948364,0.41883453726768494,0.8470080494880676,0.8496614098548889,0.7852721810340881,1.634933352470398
328,0.4368404746055603,0.42657938599586487,0.8634202480316162,0.7912598848342896,0.7557740211486816,1.5470339059829712
329,0.4264886975288391,0.41752392053604126,0.8440127372741699,0.7728680372238159,0.7434667348861694,1.5163347721099854
330,0.42704617977142334,0.4178966283798218,0.8449428677558899,0.7777161598205566,0.7382997870445251,1.5160161256790161
331,0.4283463656902313,0.41923442482948303,0.8475807309150696,0.975877046585083,0.8795844316482544,1.8554614782333374
332,0.4435502588748932,0.4318017065525055,0.8753519058227539,0.7607276439666748,0.7317832112312317,1.4925109148025513
333,0.42233023047447205,0.41349875926971436,0.835828959941864,0.7635758519172668,0.7579340934753418,1.5215100049972534
334,0.42363208532333374,0.4150698184967041,0.8387013077735901,0.758648157119751,0.7374475002288818,1.4960956573486328
335,0.42979198694229126,0.4203963577747345,0.8501881957054138,0.7861253023147583,0.73866206407547,1.524787187576294
336,0.4218211770057678,0.41389867663383484,0.8357203602790833,0.8124353885650635,0.7848840355873108,1.5973196029663086
337,0.427684485912323,0.4177883267402649,0.8454726338386536,0.7562680840492249,0.7347560524940491,1.491024136543274
338,0.42931079864501953,0.41969338059425354,0.849004328250885,0.9543216228485107,0.870604395866394,1.8249258995056152
339,0.4239647686481476,0.41566523909568787,0.8396297693252563,0.8073658347129822,0.7490119338035583,1.556377649307251
340,0.42271631956100464,0.4139549136161804,0.836670994758606,0.7498355507850647,0.7302730083465576,1.480108618736267
341,0.4204435646533966,0.4109732210636139,0.8314168453216553,0.7961741089820862,0.7456621527671814,1.5418363809585571
342,0.41989362239837646,0.4117092490196228,0.8316030502319336,0.7620871663093567,0.728338360786438,1.4904255867004395
343,0.4190513491630554,0.410438597202301,0.8294898867607117,0.8520915508270264,0.8393610119819641,1.6914526224136353
344,0.41882482171058655,0.41032764315605164,0.8291527032852173,0.8921703100204468,0.7524036169052124,1.6445738077163696
345,0.43936192989349365,0.4295780062675476,0.8689403533935547,0.8676131367683411,0.8702909350395203,1.7379039525985718
346,0.4245700240135193,0.41572269797325134,0.840293288230896,0.7617982029914856,0.7303981184959412,1.4921963214874268
347,0.41691988706588745,0.4082062840461731,0.825125515460968,0.7717070579528809,0.7273461818695068,1.4990532398223877
348,0.41887933015823364,0.4097980856895447,0.8286769390106201,0.770970344543457,0.7370826601982117,1.5080528259277344
349,0.42399755120277405,0.41477298736572266,0.8387705683708191,0.8635650873184204,0.8281270265579224,1.6916921138763428
350,0.42010489106178284,0.41209158301353455,0.832196056842804,0.781807005405426,0.77794349193573,1.5597505569458008
351,0.41602623462677,0.40762150287628174,0.8236477375030518,0.8002833127975464,0.7783495187759399,1.5786329507827759
352,0.4171062111854553,0.4085172414779663,0.8256238698959351,0.7810887694358826,0.7570673227310181,1.5381561517715454
353,0.4184034764766693,0.41019564867019653,0.8285990357398987,0.7674180865287781,0.7566999793052673,1.5241180658340454
354,0.42085492610931396,0.411884069442749,0.832738995552063,0.7782437801361084,0.7433731555938721,1.5216169357299805
355,0.4155203402042389,0.40713638067245483,0.8226564526557922,0.7814363837242126,0.7445440292358398,1.5259803533554077
356,0.4215898811817169,0.412751168012619,0.8343410491943359,1.1406359672546387,1.0896759033203125,2.2303121089935303
357,0.4170440137386322,0.4084618389606476,0.8255053758621216,0.7565109133720398,0.7269213795661926,1.483432412147522
358,0.41922569274902344,0.4107050597667694,0.8299307227134705,0.7619369029998779,0.7343665957450867,1.4963035583496094
359,0.4116932451725006,0.40322384238243103,0.8149170875549316,0.7720163464546204,0.7481626272201538,1.520179033279419
360,0.4114309549331665,0.40326088666915894,0.8146924376487732,0.7739405632019043,0.7408410310745239,1.5147814750671387
361,0.415917307138443,0.4072888195514679,0.8232063055038452,0.7584704756736755,0.7336370944976807,1.4921075105667114
362,0.4084550142288208,0.40065133571624756,0.809106707572937,0.7632880210876465,0.7237040996551514,1.4869922399520874
363,0.42120614647865295,0.4121704697608948,0.833376407623291,0.7589964866638184,0.7259973287582397,1.484993577003479
364,0.4095017910003662,0.4020219147205353,0.8115240931510925,0.7706789970397949,0.7525274157524109,1.5232064723968506
365,0.4117106795310974,0.403443306684494,0.8151542544364929,0.7837744951248169,0.7428579926490784,1.5266324281692505
366,0.4091564118862152,0.4009096026420593,0.8100658059120178,0.7635077834129333,0.7275543212890625,1.491062045097351
367,0.4209788739681244,0.4123600125312805,0.8333385586738586,0.843596339225769,0.8187519311904907,1.6623482704162598
368,0.41308271884918213,0.4047640562057495,0.8178468942642212,0.7862348556518555,0.7569853663444519,1.543220043182373
369,0.40984541177749634,0.40188324451446533,0.8117291331291199,0.7910481691360474,0.7386696338653564,1.5297178030014038
370,0.4200507402420044,0.41066455841064453,0.8307154774665833,0.7593643665313721,0.7341594099998474,1.4935238361358643
371,0.4047796428203583,0.39766430854797363,0.8024442791938782,0.7610653042793274,0.7216573357582092,1.4827226400375366
372,0.4081448018550873,0.40055298805236816,0.8086978197097778,0.7605997920036316,0.7411718964576721,1.5017718076705933
373,0.4146529734134674,0.4057585597038269,0.8204113841056824,0.7932784557342529,0.7829530239105225,1.5762314796447754
374,0.40590301156044006,0.39781618118286133,0.8037194609642029,0.8028026819229126,0.7513647675514221,1.5541671514511108
375,0.4092184603214264,0.4016805589199066,0.8108988404273987,0.7673248648643494,0.7357715368270874,1.5030964612960815
376,0.4194905459880829,0.4100095331668854,0.8294998407363892,0.7512610554695129,0.7263780832290649,1.477639079093933
377,0.4155116379261017,0.40640684962272644,0.8219192028045654,0.8302608132362366,0.7887160181999207,1.6189768314361572
378,0.40768590569496155,0.3998546004295349,0.8075405359268188,0.8266460299491882,0.7921551465988159,1.618801236152649
379,0.40632104873657227,0.3985254466533661,0.8048463463783264,0.8243324160575867,0.7818029522895813,1.6061352491378784
380,0.4077010452747345,0.400262713432312,0.8079636693000793,0.7697336673736572,0.7402347922325134,1.5099682807922363
381,0.3987913429737091,0.3919561207294464,0.7907474040985107,0.7619109749794006,0.7256407141685486,1.4875516891479492
382,0.40159645676612854,0.3932283818721771,0.7948244214057922,0.7795854210853577,0.7277898192405701,1.5073752403259277
383,0.40272629261016846,0.3953854739665985,0.7981120347976685,0.7650041580200195,0.7326083183288574,1.497612476348877
384,0.40485498309135437,0.3971272110939026,0.8019822239875793,0.7698715925216675,0.7356043457984924,1.5054759979248047
385,0.402504563331604,0.39576131105422974,0.7982659339904785,0.8208456635475159,0.7793752551078796,1.6002209186553955
386,0.4023609459400177,0.3946533501148224,0.7970145344734192,0.7651607990264893,0.7299272418022156,1.4950881004333496
387,0.40752431750297546,0.3990216553211212,0.8065462708473206,0.7685028910636902,0.7449560761451721,1.5134588479995728
388,0.4013759195804596,0.39434510469436646,0.7957209944725037,0.7534739375114441,0.7412887215614319,1.4947625398635864
389,0.3972419798374176,0.3906458914279938,0.787887692451477,0.7599043846130371,0.7206946015357971,1.4805989265441895
390,0.4045732915401459,0.3955649733543396,0.8001386523246765,0.7913124561309814,0.7665321230888367,1.5578445196151733
391,0.41101619601249695,0.40263503789901733,0.8136515617370605,0.8543768525123596,0.8341872692108154,1.6885639429092407
392,0.39849385619163513,0.3915604054927826,0.790054202079773,0.7719322443008423,0.780516505241394,1.5524487495422363
393,0.40415483713150024,0.39577141404151917,0.7999268174171448,0.7696248292922974,0.7469275593757629,1.516552448272705
394,0.40491166710853577,0.39686375856399536,0.8017759919166565,0.769899845123291,0.7327623963356018,1.5026623010635376
395,0.3978329598903656,0.39087483286857605,0.7887084484100342,0.7868757247924805,0.7952585816383362,1.5821343660354614
396,0.39806967973709106,0.39055827260017395,0.7886278629302979,0.7592567205429077,0.7270382642745972,1.4862948656082153
397,0.3948587477207184,0.38863465189933777,0.7834935188293457,0.7637317180633545,0.7359984517097473,1.499730110168457
398,0.40361881256103516,0.39549219608306885,0.7991112470626831,0.7951437830924988,0.7449083924293518,1.5400521755218506
399,0.39905211329460144,0.39126884937286377,0.7903209924697876,0.7623912692070007,0.7228874564170837,1.485278844833374
400,0.3996243178844452,0.3923896551132202,0.7920138239860535,0.8156933784484863,0.7656052112579346,1.5812987089157104
401,0.3966672718524933,0.38932594656944275,0.7859934568405151,0.7581972479820251,0.7239465713500977,1.4821439981460571
402,0.39541369676589966,0.38894379138946533,0.7843574285507202,0.7532235980033875,0.720849871635437,1.4740734100341797
403,0.39581337571144104,0.38832035660743713,0.7841330766677856,0.7608920335769653,0.7364685535430908,1.4973605871200562
404,0.39014652371406555,0.383547842502594,0.7736940979957581,0.7680150270462036,0.757743239402771,1.5257582664489746
405,0.4025801122188568,0.39373692870140076,0.796316921710968,0.7476118206977844,0.713294506072998,1.4609063863754272
406,0.39141562581062317,0.3843234181404114,0.7757394313812256,0.756006121635437,0.732234001159668,1.488240122795105
407,0.3939151465892792,0.38661301136016846,0.7805278301239014,0.7738980054855347,0.7295228242874146,1.5034209489822388
408,0.39535900950431824,0.38801777362823486,0.7833768725395203,0.8057268857955933,0.7493631839752197,1.5550899505615234
409,0.40114688873291016,0.39234158396720886,0.7934883236885071,0.7957630157470703,0.7621487975120544,1.557911992073059
410,0.39109477400779724,0.3849934935569763,0.7760880589485168,0.7972915172576904,0.7630153894424438,1.5603069067001343
411,0.3888356685638428,0.38231009244918823,0.7711459398269653,0.8304890394210815,0.8006302118301392,1.6311192512512207
412,0.3946497142314911,0.3865143954753876,0.7811642289161682,0.7874526977539062,0.7479710578918457,1.5354238748550415
413,0.3972567617893219,0.3888707756996155,0.7861277461051941,0.8081614971160889,0.7690982222557068,1.5772596597671509
414,0.39057281613349915,0.3832146227359772,0.7737871408462524,0.8432901501655579,0.8294046521186829,1.6726948022842407
415,0.39317941665649414,0.3866065442562103,0.7797862887382507,0.8539689779281616,0.8252163529396057,1.6791852712631226
416,0.395723432302475,0.38856902718544006,0.7842925786972046,0.7600993514060974,0.729069709777832,1.4891692399978638
417,0.3880137503147125,0.381228506565094,0.7692421674728394,0.7616853713989258,0.7309470176696777,1.4926323890686035
418,0.3898927867412567,0.3837454915046692,0.7736379504203796,0.7784304022789001,0.7449555993080139,1.523386001586914
419,0.39192724227905273,0.38435325026512146,0.7762804627418518,0.8539864420890808,0.821925938129425,1.6759123802185059
420,0.390120267868042,0.3833390176296234,0.7734591960906982,0.8049114346504211,0.7588161826133728,1.5637274980545044
421,0.39944911003112793,0.3906410038471222,0.7900899648666382,0.7601010799407959,0.7349684834480286,1.4950696229934692
422,0.3858071267604828,0.37886524200439453,0.7646723985671997,0.7685752511024475,0.7228094935417175,1.491384744644165
423,0.38470959663391113,0.3783145844936371,0.7630245089530945,0.7889026999473572,0.7660202383995056,1.5549229383468628
424,0.3856692910194397,0.3799341917037964,0.765603244304657,0.7692787647247314,0.7319821119308472,1.5012608766555786
425,0.38991883397102356,0.3831191062927246,0.773037850856781,0.7512320280075073,0.7265005111694336,1.4777324199676514
426,0.3921380043029785,0.3856305181980133,0.7777689695358276,0.8024563789367676,0.7654929161071777,1.5679491758346558
427,0.3853905498981476,0.37904706597328186,0.7644378542900085,0.7670828104019165,0.7294902205467224,1.4965730905532837
428,0.3968335688114166,0.3888833224773407,0.7857169508934021,0.8277027010917664,0.8069522976875305,1.6346549987792969
429,0.38859114050865173,0.3812156915664673,0.7698068022727966,0.8349694609642029,0.8397026658058167,1.6746723651885986
430,0.3853249251842499,0.3787301182746887,0.7640549540519714,0.8991457223892212,0.88847815990448,1.7876240015029907
431,0.39079639315605164,0.38375431299209595,0.7745502591133118,0.7854877710342407,0.7447152733802795,1.530202865600586
432,0.3879670798778534,0.3806791305541992,0.7686462998390198,0.8259637355804443,0.7609084844589233,1.5868722200393677
433,0.3866712152957916,0.38016772270202637,0.7668389678001404,0.7558521032333374,0.7276079654693604,1.4834600687026978
434,0.3830832242965698,0.3772282302379608,0.7603110074996948,0.7613418698310852,0.7384769320487976,1.4998188018798828
435,0.38310706615448,0.3774513304233551,0.7605586051940918,0.8119049668312073,0.7547227740287781,1.566627860069275
436,0.38265350461006165,0.37621068954467773,0.7588638067245483,0.7885518074035645,0.7517918944358826,1.5403436422348022
437,0.40046319365501404,0.39226359128952026,0.7927266359329224,0.7596962451934814,0.7353770136833191,1.4950730800628662
438,0.3808480203151703,0.37481626868247986,0.7556644678115845,0.8676261305809021,0.8403798937797546,1.7080060243606567
439,0.38351747393608093,0.377081960439682,0.7605992555618286,0.7840291857719421,0.7284175157546997,1.5124467611312866
440,0.3819049894809723,0.37503722310066223,0.756942629814148,0.7686734199523926,0.7498171925544739,1.5184906721115112
441,0.3968462646007538,0.38895782828330994,0.7858037948608398,0.7896344661712646,0.760936439037323,1.5505709648132324
442,0.380603551864624,0.374844491481781,0.7554481625556946,0.7545863389968872,0.7287402153015137,1.4833266735076904
443,0.38037821650505066,0.37456294894218445,0.754941463470459,0.755028486251831,0.7236692905426025,1.4786977767944336
444,0.379243403673172,0.3730970323085785,0.7523401379585266,0.8923286199569702,0.8974040746688843,1.789732813835144
445,0.39731401205062866,0.38854318857192993,0.7858578562736511,1.023015022277832,0.9810784459114075,2.004093647003174
446,0.3872261047363281,0.3804051876068115,0.7676314115524292,0.7594857811927795,0.7263458967208862,1.485831618309021
447,0.38081979751586914,0.3740798234939575,0.7548991441726685,0.8025104999542236,0.7623092532157898,1.5648198127746582
448,0.37763848900794983,0.3717711269855499,0.7494097352027893,0.7897768020629883,0.7787459492683411,1.5685226917266846
449,0.38082438707351685,0.37476229667663574,0.7555864453315735,0.7654591798782349,0.7355945706367493,1.5010536909103394
450,0.3810546100139618,0.37411579489707947,0.7551703453063965,0.7443262338638306,0.7166966199874878,1.4610228538513184
451,0.37420016527175903,0.36874398589134216,0.7429441809654236,0.7691471576690674,0.7272067070007324,1.4963537454605103
452,0.38205277919769287,0.37540295720100403,0.7574557662010193,0.7536166906356812,0.7550579309463501,1.5086747407913208
453,0.37986862659454346,0.3743338882923126,0.7542018890380859,0.7617906928062439,0.7225541472434998,1.484344720840454
454,0.37413597106933594,0.369030237197876,0.7431660294532776,0.8436250686645508,0.8081578016281128,1.6517828702926636
455,0.38291341066360474,0.3763991892337799,0.7593130469322205,0.8324592113494873,0.7766947150230408,1.6091538667678833
456,0.374647319316864,0.36874011158943176,0.7433870434761047,0.7823368310928345,0.7462244629859924,1.5285614728927612
457,0.376848042011261,0.37146419286727905,0.7483120560646057,0.7735891342163086,0.7388429641723633,1.5124322175979614
458,0.37505072355270386,0.36976078152656555,0.7448118925094604,0.7467776536941528,0.7189915180206299,1.4657691717147827
459,0.375691294670105,0.37085744738578796,0.7465487718582153,0.7551954984664917,0.723746120929718,1.478941559791565
460,0.374149352312088,0.36844494938850403,0.7425944209098816,0.7921314835548401,0.7634384632110596,1.5555698871612549
461,0.38076919317245483,0.3747110366821289,0.7554808855056763,0.7642579078674316,0.7328844666481018,1.4971423149108887
462,0.374123215675354,0.36857524514198303,0.7426985502243042,0.8762611746788025,0.8036283254623413,1.679889440536499
463,0.3728545308113098,0.3670331537723541,0.739887535572052,0.770061194896698,0.7326094508171082,1.5026706457138062
464,0.3805323839187622,0.3741389811038971,0.7546713352203369,0.7712246775627136,0.7545585036277771,1.5257833003997803
465,0.37307631969451904,0.36808541417121887,0.7411622405052185,0.7618809938430786,0.7305341362953186,1.4924153089523315
466,0.37466225028038025,0.3689105808734894,0.7435731291770935,0.8248706459999084,0.7978547215461731,1.6227253675460815
467,0.37373873591423035,0.367678165435791,0.7414166927337646,0.760175347328186,0.7319951057434082,1.4921705722808838
468,0.37899652123451233,0.3729214668273926,0.7519177198410034,0.8770965337753296,0.840395987033844,1.7174924612045288
469,0.3755572736263275,0.3693501949310303,0.7449074983596802,0.7741995453834534,0.7372938394546509,1.5114935636520386
470,0.37136122584342957,0.36559435725212097,0.7369548678398132,0.7586293816566467,0.7259634733200073,1.4845930337905884
471,0.37140411138534546,0.3655925691127777,0.736996591091156,0.7700070738792419,0.7315449118614197,1.5015519857406616
472,0.3742483854293823,0.3679157793521881,0.7421639561653137,0.8858853578567505,0.802619993686676,1.6885054111480713
473,0.3792402744293213,0.37292492389678955,0.7521647214889526,0.7629360556602478,0.7211504578590393,1.4840863943099976
474,0.36887601017951965,0.36411967873573303,0.7329954504966736,0.777643084526062,0.7383906245231628,1.51603364944458
475,0.37223875522613525,0.36619818210601807,0.7384368181228638,0.7931323647499084,0.7591286301612854,1.5522609949111938
476,0.3676064610481262,0.3630838692188263,0.7306901216506958,0.8859903812408447,0.7978747487068176,1.6838651895523071
477,0.37665703892707825,0.369870662689209,0.746527910232544,0.7597089409828186,0.7222899198532104,1.4819988012313843
478,0.37124666571617126,0.36558669805526733,0.7368336319923401,0.7669240832328796,0.7446199059486389,1.5115439891815186
479,0.37646645307540894,0.3707807660102844,0.7472468614578247,0.7828820943832397,0.7325620651245117,1.515444040298462
480,0.3729769289493561,0.36726659536361694,0.7402439713478088,0.7627952098846436,0.7231947183609009,1.4859898090362549
481,0.3669714331626892,0.36198166012763977,0.7289535403251648,0.7629672884941101,0.717324435710907,1.4802916049957275
482,0.3718883991241455,0.36575624346733093,0.737645149230957,0.7850437164306641,0.7503431439399719,1.5353869199752808
483,0.372531920671463,0.3668971657752991,0.739428699016571,0.7697296738624573,0.7198560237884521,1.489585518836975
484,0.37006932497024536,0.3642984628677368,0.7343684434890747,0.7531334161758423,0.7207106351852417,1.473844051361084
485,0.37027472257614136,0.3641214668750763,0.7343963384628296,0.7465394139289856,0.713589608669281,1.4601292610168457
486,0.36627593636512756,0.36084070801734924,0.7271167635917664,0.7891078591346741,0.727273166179657,1.5163811445236206
487,0.36665695905685425,0.36141201853752136,0.728069007396698,0.7561758756637573,0.7342305183410645,1.4904065132141113
488,0.3771273195743561,0.37044084072113037,0.7475681900978088,0.7840421199798584,0.7627129554748535,1.5467549562454224
489,0.3691708445549011,0.36314520239830017,0.732316255569458,0.7809224724769592,0.7444760799407959,1.5253986120224
490,0.369649738073349,0.3638942837715149,0.7335437536239624,0.8001886606216431,0.7609513401985168,1.5611400604248047
491,0.36829057335853577,0.36251676082611084,0.7308074235916138,0.7548017501831055,0.7239130735397339,1.4787147045135498
492,0.3614770174026489,0.357114315032959,0.7185909748077393,0.751818835735321,0.7243418097496033,1.4761605262756348
493,0.3640452027320862,0.3589129149913788,0.7229580879211426,0.918541669845581,0.9124861359596252,1.831027865409851
494,0.3704797327518463,0.3638015389442444,0.7342814803123474,0.7391355037689209,0.7098440527915955,1.4489794969558716
495,0.36628302931785583,0.3605634570121765,0.7268468141555786,0.7759770750999451,0.7194929718971252,1.4954699277877808
496,0.36759933829307556,0.3616589605808258,0.729258120059967,0.9273985624313354,0.8787314295768738,1.806130051612854
497,0.3678101897239685,0.3620246648788452,0.7298343777656555,0.7699065208435059,0.7382733225822449,1.508179783821106
498,0.3650156259536743,0.3593370318412781,0.7243525385856628,0.7541407942771912,0.7143887877464294,1.4685295820236206
499,0.36517396569252014,0.36016571521759033,0.7253395915031433,0.8166213035583496,0.8167260885238647,1.6333473920822144
